name,original_location,normalized_location,latitude,longitude,needs_review
A Tire,Bandaragama,Bandaragama,6.7106,79.9931,False
AB Mauri Lanka,Mount Lavinia,Mount Lavinia,6.8389,79.8653,False
ACE Apparel,Habaraduwa,Habaraduwa,6.0333,80.2833,False
Advantage Technologies,Colombo 07,Colombo 07,6.9101,79.862,False
Aitken Spence,Mathugama,Mathugama,6.5167,80.1167,False
Ambalangoda IOC Filling Station,Ambalangoda,Ambalangoda,6.2354,80.054,False
Analytical Properties,Colombo 8,Colombo 08,6.9139,79.8778,False
Analytical Properties,Colombo 8,Colombo 08,6.9139,79.8778,False
Analytical Properties,Biyagama,Biyagama,6.9497,79.9187,False
Antler General Industries (Pvt) Ltd,Piliyandala,Piliyandala,6.8006,79.9227,False
Antler Industries (Pvt) Ltd.,Piliyandala.,Piliyandala,6.8006,79.9227,False
Antler Industries (Pvt) Ltd.,Piliyandala.,Piliyandala,6.8006,79.9227,False
Anton Factory,"Raja Mawatha,Ekala.",Ekala,7.0667,79.9167,False
Arpico,Mattegoda,Mattegoda,6.8333,79.9667,False
Art Decoration International (Pvt) Ltd,Bandaragama,Bandaragama,6.7106,79.9931,False
Art Decoration International (Pvt) Ltd,Bandaragama,Bandaragama,6.7106,79.9931,False
Kaymu Lanka Pvt Ltd,Pannipitiya,Pannipitiya,6.85,79.95,False
Bally's Casino,Colombo 10,Colombo 10,6.928,79.865,False
Bathi Pooja,Bandaragama,Bandaragama,6.7106,79.9931,False
Bathi Pooja,Makumbura,Makumbura,6.85,79.95,False
Bellagio Club,Colombo 04,Colombo 04,6.8895,79.857,False
Big city,Horana,Horana,6.7147,80.0631,False
Big city,Matara,Matara,5.9549,80.555,False
Biomedite Pvt Ltd,Kohuwala,Kohuwala,6.8722,79.8842,False
Blue chip Technical Services Pvt Ltd,Nugegoda,Nugegoda,6.8649,79.8997,False
BMICH,Colombo,Colombo,6.9271,79.8612,False
BMICH,Colombo,Colombo,6.9271,79.8612,False
Beira Brush Pvt Ltd,Ingiriya.,Ingiriya,6.7667,80.1167,False
Browns,Sapugaskanda.,Sapugaskanda,6.9833,79.9333,False
Business Development Filling Station,Salmal Uyana,Salmal Uyana,6.8481,79.9265,False
CBS,Korathota,Korathota,6.9167,80.0167,False
CCL Garment,Watawala,Watawala,6.95,80.6167,False
Central Industries PLC,Yakkala,Yakkala,7.0833,80.0333,False
Ceylon Aquatics,Pannala,Pannala,7.3167,80.0833,False
Ceylon Tobacco Company PLC,Hali Ela,Hali Ela,6.9333,81.0167,False
Ceylon Tobacco Company PLC,Buttala,Buttala,6.7683,81.2417,False
Ceylon Tobacco Company PLC,Kohuwala,Kohuwala,6.8722,79.8842,False
Ceylon Tobacco Company PLC,Nildandahinna,Nildandahinna,7.1667,80.8,False
Ceylon Tobacco Company PLC,Galle,Galle,6.0535,80.221,False
Ceylon Tobacco Company PLC,Theldeniya,Theldeniya,7.3667,80.6667,False
Checkpoint Apparel,Ja ela,Ja-Ela,7.0742,79.8917,False
CLEF Consultants,Ja ela,Ja-Ela,7.0742,79.8917,False
Coho Corporation (PVT) LTD,Colombo 03,Colombo 03,6.9147,79.8483,False
Courtaulds Clothing Lanka (Pvt) Ltd,Kalagedihena,Kalagedihena,7.0833,80.0167,False
CSEC,Rajagiriya,Rajagiriya,6.9094,79.8931,False
CSEC,Rajagiriya,Rajagiriya,6.9094,79.8931,False
Daintee,"72C Kandawala Road, Ratmalana",Ratmalana,6.8206,79.8862,False
Dankotuwa Porcelain,Dankotuwa,Dankotuwa,7.3167,79.9667,False
DCSL,Beruwala,Beruwala,6.479,79.9827,False
DCSL,Kurunegala,Kurunegala,7.4863,80.3647,False
DCSL,Gampola,Gampola,7.1639,80.5731,False
DCSL,Galle,Galle,6.0535,80.221,False
DCSL,Dikoya,Dikoya,6.8333,80.65,False
DCSL,Vavniya,Vavniya,8.75,80.5,False
DCSL,Anuradhapura,Anuradhapura,8.3114,80.4037,False
DCSL,Rathmalana,Ratmalana,6.8206,79.8862,False
Debug Digital Center,Piliyandala.,Piliyandala,6.8006,79.9227,False
Delmage Forsyth & CO. Ltd,Colombo 10,Colombo 10,6.928,79.865,False
Dic Lanka,Homagama,Homagama,6.8444,80.0025,False
DSI,Colombo,Colombo,6.9271,79.8612,False
DSI,Kalutara,Kalutara,6.5854,79.9607,False
DSI,Kalutara,Kalutara,6.5854,79.9607,False
EAM Maliban Textiles (Pvt) Ltd,Opanayake,Opanayake,6.6167,80.5,False
East India Holdings,Colombo,Colombo,6.9271,79.8612,False
East India Holdings,Kaduwela,Kaduwela,6.9333,79.9833,False
EOAS ORGANICS (PVT) LTD,Mt. Lavinia,Mount Lavinia,6.8389,79.8653,False
EOAS ORGANICS (PVT) LTD,Rathmalana,Ratmalana,6.8206,79.8862,False
Fits Air Independence Avenue,Colombo 3,Colombo 03,6.9147,79.8483,False
Fits Express,Colombo 3,Colombo 03,6.9147,79.8483,False
Flintec transducer,Koggala,Koggala,5.9833,80.3333,False
Future Automobiles,Battaramulla,Battaramulla,6.8996,79.9187,False
Harcros Chemicals (Private) Limited,Ja Ela,Ja-Ela,7.0742,79.8917,False
Harischandra Filling Station,Matara,Matara,5.9549,80.555,False
Harischandra Mills,Udukawa,Udukawa,7.0,80.1,False
Harischandra Mills,Udukawa,Udukawa,7.0,80.1,False
Harischandra Mills,Udukawa,Udukawa,7.0,80.1,False
Harischandra Mills,Matara,Matara,5.9549,80.555,False
Harischandra Mills Plc,Kaduwela,Kaduwela,6.9333,79.9833,False
Hatch Works Pvt Ltd,Pettah,Pettah,6.9367,79.85,False
House of Fashion,Bambalapitiya,Bambalapitiya,6.8905,79.8565,False
House of Fashions,Rajagiriya,Rajagiriya,6.9094,79.8931,False
House of Fashions,Nugegoda,Nugegoda,6.8649,79.8997,False
ICL Brands (Pvt) Ltd,Ekala,Ekala,7.0667,79.9167,False
ICL Brands (Pvt) Ltd,Ekala,Ekala,7.0667,79.9167,False
ICL Brands (Pvt) Ltd,Ekala,Ekala,7.0667,79.9167,False
ICRC,Colombo 05,Colombo 05,6.8825,79.8657,False
ICRC,Vavniya,Vavniya,8.75,80.5,False
ICRC,Batticaloa,Batticaloa,7.717,81.7,False
ICRC,Batticaloa,Batticaloa,7.717,81.7,False
IESC,Narahenpita,Narahenpita,6.8917,79.8792,False
Industrial Gases (Pvt) Ltd,Sapugaskanda.,Sapugaskanda,6.9833,79.9333,False
Inoac Polymer,Horana,Horana,6.7147,80.0631,False
International Trimming,Sri Jayawardhanapura,Kotte,6.8905,79.9022,False
Italian Embassy,Colombo 07,Colombo 07,6.9101,79.862,False
Janatha Steel,Colombo 12,Colombo 12,6.943,79.853,False
Jayawardhana Filling Station,Kadawatha,Kadawatha,7.0008,79.95,False
JFI Consolidated,Colombo 10,Colombo 10,6.928,79.865,False
JFI Consolidated,Colombo 10,Colombo 10,6.928,79.865,False
JR Jayawardhana Centre,Colombo 07,Colombo 07,6.9101,79.862,False
Kandy Fashion,Nugegoda,Nugegoda,6.8649,79.8997,False
Kandy Fashion,Kadawatha,Kadawatha,7.0008,79.95,False
Kansai Paints,Koggala,Koggala,5.9833,80.3333,False
Kansai Paints,Koggala,Koggala,5.9833,80.3333,False
Karandeniya Filling Station,Karandeniya,Karandeniya,6.2667,80.1167,False
Lanka Electricity Company,Nugegoda,Nugegoda,6.8649,79.8997,False
Lanka Electricity Company,Rajagiriya,Rajagiriya,6.9094,79.8931,False
Lanka Electricity Company,Nugegoda,Nugegoda,6.8649,79.8997,False
Lanka Electricity Company,Negambo,Negombo,7.2083,79.8358,False
Lanka Electricity Company,Boralesgamuwa,Boralesgamuwa,6.8398,79.9026,False
Lanka Electricity Company,Maharagama,Maharagama,6.8481,79.9265,False
Lanka Filling Station,Bambalapitiya,Bambalapitiya,6.8905,79.8565,False
Lanka Filling Station,Mulleriyawa,Mulleriyawa,6.9333,79.95,False
Lanka Filling Station,Colombo 04,Colombo 04,6.8895,79.857,False
Lanka IOC Filling Station,Wellawaya,Wellawaya,6.7333,81.1,False
Lanka IOC Oil Terminal,Trincomalee,Trincomalee,8.5667,81.2333,False
Lanka Tile - Factory Outlet,Narahenpita,Narahenpita,6.8917,79.8792,False
Lanka tiles,Ranala,Ranala,7.05,80.0333,False
Lanka tiles,Ranala,Ranala,7.05,80.0333,False
Lanka wall tiles,Nawala,Nawala,6.8927,79.8886,False
Lanka wall tiles,Nawala,Nawala,6.8927,79.8886,False
Lanka wall tiles,Meepe,Meepe,6.7667,80.1,False
Lanka wall tiles,Meepe,Meepe,6.7667,80.1,False
Lanka wall tiles,Meepe,Meepe,6.7667,80.1,False
Leela Export,Colombo 12,Colombo 12,6.943,79.853,False
Link Natural,Colombo 07,Colombo 07,6.9101,79.862,False
Logilink,Welisara,Welisara,7.0167,79.8917,False
Logipark International,Kerawalapitiya,Kerawalapitiya,6.9833,79.8667,False
Logipark International,Kerawalapitiya,Kerawalapitiya,6.9833,79.8667,False
Macbertan Pvt Ltd,Ja ela,Ja-Ela,7.0742,79.8917,False
MainGate,Narahenpita,Narahenpita,6.8917,79.8792,False
Man Energy Solutions,Kelaniya,Kelaniya,6.9553,79.9219,False
Mannapperuma Traders,Colombo 4,Colombo 04,6.8895,79.857,False
MAS Innovations,Foster Lane,Foster Lane,6.928,79.858,False
Meridian Navigation,Galle,Galle,6.0535,80.221,False
Metecno Lanka,Korathota,Korathota,6.9167,80.0167,False
Mint Paper Products,Kaduwela,Kaduwela,6.9333,79.9833,False
MJF Properties,Colombo 02,Colombo 02,6.935,79.848,False
Mondy,Colombo 3,Colombo 03,6.9147,79.8483,False
MPCS Filling Station,Yatiyanthota,Yatiyanthota,6.9667,80.3167,False
Mrs.D Alwis Senewirathne,Cambridge Place,Cambridge Place,6.9101,79.862,False
Multichemi lnternational Ltd,Horana,Horana,6.7147,80.0631,False
Muthukaruppan chettiar,Negambo,Negombo,7.2083,79.8358,False
Natures Beauty Creations,Horana,Horana,6.7147,80.0631,False
Natures Beauty Creations,Horana,Horana,6.7147,80.0631,False
Natures Beauty Creations,Horana,Horana,6.7147,80.0631,False
Nawalanka Filling Station,Divlapitiya,Divlapitiya,7.2265,80.0102,False
NC Fashion,Nawagamuwa,Nawagamuwa,6.9167,79.95,False
NEXT Manufaturing,Katunayaka Zone,Katunayaka,7.1697,79.8842,False
Nippon paint,Kurunegala,Kurunegala,7.4863,80.3647,False
Nobleswear (Pvt) Ltd,Pallekele,Pallekele,7.2833,80.7,False
Nolimit,Kandy,Kandy,7.2906,80.6337,False
Nolimit,Kurunegala,Kurunegala,7.4863,80.3647,False
Noratel international  Katunayake,Katunayaka,Katunayaka,7.1697,79.8842,False
Noratel international  Katunayake,Katunayaka,Katunayaka,7.1697,79.8842,False
Noratel international  Katunayake,Katunayaka,Katunayaka,7.1697,79.8842,False
Noratel International (PVT) Ltd.,Katunayake,Katunayaka,7.1697,79.8842,False
Noratel International (PVT) Ltd.,Katunayake,Katunayaka,7.1697,79.8842,False
Noratel International (PVT) Ltd.,Katunayake,Katunayaka,7.1697,79.8842,False
North Manufacturing (PVT) Ltd.,Biyagama.,Biyagama,6.9497,79.9187,False
ODEL,Negambo,Negombo,7.2083,79.8358,False
Onally Holdings,Colombo 04,Colombo 04,6.8895,79.857,False
Orel IT,Maharagama,Maharagama,6.8481,79.9265,False
Otter Aquatic Club,Colombo 07,Colombo 07,6.9101,79.862,False
P W Corporate Secretarial (PVT) LTD,Colombo 08,Colombo 08,6.9139,79.8778,False
Pathma Weaving Mills,Kotugoda,Kotugoda,7.1,79.9167,False
Prestaff Holdings,Katunayake,Katunayaka,7.1697,79.8842,False
R T Jewellers Pvt Ltd,Wattala,Wattala,6.9897,79.8919,False
Royal Ceramic Lanka PLC,Colombo 03,Colombo 03,6.9147,79.8483,False
Royal Ceramic Lanka PLC,Dehiwala,Dehiwala,6.8517,79.8653,False
Royal Ceramic Lanka PLC,"No 98, Nawala",Nawala,6.8927,79.8886,False
Royal Ceramic Lanka PLC,Duplication Road,Duplication Road,6.899,79.856,False
Royal Ceramic Lanka PLC,Nawala Warehouse,Nawala,6.8927,79.8886,False
Royal Ceramic Lanka PLC,Meegoda,Meegoda,6.8333,80.0167,False
Royal Ceramic Lanka PLC,"30, Nawala",Nawala,6.8927,79.8886,False
Royal Ceramic Lanka PLC,"101, Nawala",Nawala,6.8927,79.8886,False
Royal Ceramic Lanka PLC,Galle,Galle,6.0535,80.221,False
Royal Ceramic Lanka PLC,Kottawa,Kottawa,6.842,79.9636,False
Ru Salu Clothing,Katana,Katana,7.1667,79.8833,False
S&D Chemicals,Biyagama Zone,Biyagama,6.9497,79.9187,False
Sacred Heart Church - Sirihada Church,Rajagiriya,Rajagiriya,6.9094,79.8931,False
Sahas Wear (Pvt) Ltd,Wellawaya,Wellawaya,6.7333,81.1,False
Sarasi Lands,Pasyala,Pasyala,7.1,80.1167,False
Secure Security Investigation Pvt Ltd,Nugegoda,Nugegoda,6.8649,79.8997,False
Sena Mills Refineries (Pvt) Ltd,Pannala,Pannala,7.3167,80.0833,False
Sensaka Janitorial Services,Wattala,Wattala,6.9897,79.8919,False
Sensaka Janitorial Services,Galle,Galle,6.0535,80.221,False
Sika Lanka,"Ekala,Ja-Ela",Ja-Ela,7.0742,79.8917,False
SolTrim International,Rajagiriya,Rajagiriya,6.9094,79.8931,False
Somawathi Niwasa,Habaraduwa,Habaraduwa,6.0333,80.2833,False
SSC,Colombo 07,Colombo 07,6.9101,79.862,False
Suez International,Kelaniya,Kelaniya,6.9553,79.9219,False
Suez International,"Jaffna, Thaleadi",Thaleadi,9.6833,80.0167,False
Swissteck Aluminium PLC,Nawala,Nawala,6.8927,79.8886,False
Swissteck Aluminium PLC,Dompe,Dompe,7.0167,80.0833,False
Swissteck Aluminium PLC,Dompe,Dompe,7.0167,80.0833,False
"Synthite Lanka ( Pvt ) Ltd,",Dambulla,Dambulla,7.8567,80.6517,False
Thangalla Filling Station,Thangalla,Thangalla,6.0233,80.7947,False
Thushari & Sons Pvt Ltd - Ederamulla,Enderamulla,Enderamulla,6.9833,79.9,False
Thushari & Sons Pvt Ltd - Lanka IOC Filling Station,Gampaha,Gampaha,7.0917,79.995,False
Yokohoma TWS Lanka,Sapugaskanda,Sapugaskanda,6.9833,79.9333,False
Yokohoma TWS Lanka,Sapugaskanda,Sapugaskanda,6.9833,79.9333,False
Yokohoma TWS Lanka,Sapugaskanda,Sapugaskanda,6.9833,79.9333,False
Yokohoma TWS Lanka,Sapugaskanda,Sapugaskanda,6.9833,79.9333,False
Trendywear Adhikarigama (Pvt) Ltd,Wellawa,Wellawa,7.5,80.1333,False
Trinity Steel,Katunayaka,Katunayaka,7.1697,79.8842,False
TS Garments,Wattala,Wattala,6.9897,79.8919,False
Uni Dil Packaging Limited,Dekatana,Dekatana,7.0333,80.0333,False
Unicorn Solutions,Nugegoda,Nugegoda,6.8649,79.8997,False
Vatican Embassy,,,6.9271,79.8612,False
Wacoal Lanka Pvt Ltd,Wathupitiwala,Wathupitiwala,7.1167,80.05,False
Wacoal Lanka Pvt Ltd,Wathupitiwala,Wathupitiwala,7.1167,80.05,False
Watch Tower Bible & Tract Society of Lanka,Wattala,Wattala,6.9897,79.8919,False
West Coast Pvt Ltd,Wattala,Wattala,6.9897,79.8919,False
World Food Programmer,Jawaththa,Jawaththa,6.9061,79.8636,False
Roots,Dehiwala,Dehiwala,6.8517,79.8653,False
Toki Lanka/Openhive One,Pelawaththa,Pelawaththa,6.85,79.9333,False
Mines Advisory Group,Vavniya,Vavniya,8.75,80.5,False
Vallibel Properties Ltd,Colombo 10,Colombo 10,6.928,79.865,False
Delmege,Colombo 10,Colombo 10,6.928,79.865,False
Kothalawala Defence - Rathmalana,Rathmalana,Ratmalana,6.8206,79.8862,False
Kothalawala Defence - Sooriyawewa,Sooriyawewa,Sooriyawewa,6.2333,81.15,False
Marino Leisure Holdings,Marino Mall,Marino Mall,6.885,79.856,False
Ceylon Steel Coorporation,Athurugiriya,Athurugiriya,6.8747,79.9755,False
Ceylon Steel Coorporation,Athurugiriya,Athurugiriya,6.8747,79.9755,False
Ceylon Steel Coorporation,Athurugiriya,Athurugiriya,6.8747,79.9755,False
Ceylon Steel Coorporation,Athurugiriya,Athurugiriya,6.8747,79.9755,False
IOC Filling Station - Jaffna,Jaffna,Jaffna,9.6615,80.0255,False
Italian Embassy - Recidencies,Colombo 07,Colombo 07,6.9101,79.862,False
Kattimahana Church,Dummalasuriya,Dummalasuriya,7.4333,79.9333,False
Bee Fashion,Kirindiwela,Kirindiwela,7.1333,80.1,False
John Keels CG Auto Pvt Ltd,Union Place,Union Place,6.92,79.86,False
Eco Protect Engineering Pvt Ltd,Oyamaduwa,Oyamaduwa,8.1667,80.5333,False
Palm Jaggery Factory,Pandithirappu,Pandithirappu,8.9833,81.6,False
Demaq International Pvt Ltd,Nugegoda,Nugegoda,6.8649,79.8997,False
Mrs.D Alwis Senewirathne,Kaluthara,Kalutara,6.5854,79.9607,False
"Dialog Akbar-Jaya Mw, Col10",Colombo 10,Colombo 10,6.928,79.865,False
"Akbar-Jaya Mw, Col10",Colombo 10,Colombo 10,6.928,79.865,False
Dialog BBG Mount Lavinia,Mount Lavinia,Mount Lavinia,6.8389,79.8653,False
Dialog BBG Mount Lavinia,Mount Lavinia,Mount Lavinia,6.8389,79.8653,False
Dialog Kadawatha MSC-Makola,MSC-Makola,Makola,7.0033,79.9367,False
Dialog Kadawatha MSC-Makola,MSC-Makola,Makola,7.0033,79.9367,False
"Dialog Kala MSC-Dharmarama Mw, Col9",Colomlo 9,Colombo 09,6.928,79.872,False
"Dialog Kala MSC-Dharmarama Mw, Col9",Colomlo 9,Colombo 09,6.928,79.872,False
Dialog Kotikawatta DBN(Unmanned),DBN(Unmanned),DBN(Unmanned),6.9333,79.9167,False
Dialog Kotikawatta DBN(Unmanned),DBN(Unmanned),DBN(Unmanned),6.9333,79.9167,False
Dialog Piliyandala,yandala,Yandala,7.15,79.9,False
Dialog Piliyandala,yandala,Yandala,7.15,79.9,False
Dialog POT IDC,POT IDC,POT IDC,6.9271,79.8612,True
Dialog POT IDC,POT IDC,POT IDC,6.9271,79.8612,True
Dialog POT IDC,POT IDC,POT IDC,6.9271,79.8612,True
Dialog Puttalam DTV DR,DTV DR,DTV DR,8.0362,79.8283,False
Dialog Puttalam DTV DR,DTV DR,DTV DR,8.0362,79.8283,False
Dialog Matara CLS,Matara CLS,Matara,5.9549,80.555,False
Dialog Matara CLS,Matara CLS,Matara,5.9549,80.555,False
MAS BPU Pvt Ltd,Rathmalana,Ratmalana,6.8206,79.8862,False
Kapruka PLC,Nugegoda,Nugegoda,6.8649,79.8997,False
Lakdhanawi Limited,Kerawalapitiya,Kerawalapitiya,6.9833,79.8667,False
Anika IT Solutions,Nugegoda,Nugegoda,6.8649,79.8997,False
MPCS Filling Station,Kiriella,Kiriella,6.8333,80.4167,False
Sri Lanka Air Force,Hingurakgoda,Hingurakgoda,8.0333,80.95,False
Sri Lanka Air Force,Hingurakgoda,Hingurakgoda,8.0333,80.95,False
Sri Lanka Air Force,Rathmalana,Ratmalana,6.8206,79.8862,False
SA Somarathna & Sons Pvt Ltd,,,6.9271,79.8612,False
Sri Lanka Air Force,Katunayaka,Katunayaka,7.1697,79.8842,False
Sri Lanka Air Force,Katunayaka,Katunayaka,7.1697,79.8842,False
Natures Beauty Creations,Horana,Horana,6.7147,80.0631,False
